Formula_pretty,A_ions,B_ions,C_ions,A_charge,B_charge,C_charge,A_ionic_radii,B_ionic_radii,C_ionic_radii,Tolerance_factor,Octahedral_factor,Valid_Structure,TEF,N_Sites,Crystal_System,Formation_Energy,Density,Band_Gap,Total_cost,Is_abundant
Ba2SrWO3O3,Ba,Sr; W,O; O,2,8,-2.0,1.61,0.89,1.4,0.929428564,0.635714286,True,37.55657881,8,Cubic,-2.942724466,6.450160027,3.218653202,42.934,True
Ba2WZnO3O3,Ba,W; Zn,O; O,2,8,-2.0,1.61,0.67,1.4,1.028208411,0.478571429,True,36.47746621,8,Cubic,-2.65874052,7.214334965,3.380703926,38.804,True
Ba2FeWO3O3,Ba,Fe; W,O; O,2,8,-2.0,1.61,0.605,1.4,1.061541851,0.432142857,True,35.94576995,8,Cubic,-2.614938259,7.023997784,2.238255501,36.678,True
Ba2FeWO3O3,Ba,Fe; W,O; O,2,8,-2.0,1.61,0.585,1.4,1.072237487,0.417857143,True,35.94576995,8,Cubic,-2.614938259,7.023997784,2.238255501,36.678,True
Ba2FeWO3O3,Ba,Fe; W,O; O,2,8,-2.0,1.61,0.6225,1.4,1.052356693,0.444642857,True,35.94576995,8,Cubic,-2.614938259,7.023997784,2.238255501,36.678,True
Ba2CaWO3O3,Ba,Ca; W,O; O,2,8,-2.0,1.61,0.8,1.4,0.967450642,0.571428571,True,35.15299596,8,Cubic,-3.03891325,6.335930347,3.126722574,38.464,True
Sr2BaWO3O3,Sr,Ba; W,O; O,2,8,-2.0,1.44,0.975,1.4,0.845550846,0.696428571,True,34.86249096,8,Cubic,-3.039527416,6.246864796,3.12571907,49.368,True
Ba2AlWO3O3,Ba,Al; W,O; O,2,8,-2.0,1.61,0.5775,1.4,1.076304127,0.4125,True,34.22887593,8,Cubic,-3.227657557,6.882442474,2.244108915,38.044,True
Ba2MgWO3O3,Ba,Mg; W,O; O,2,8,-2.0,1.61,0.66,1.4,1.033199714,0.471428571,True,34.09676707,8,Cubic,-2.910301447,6.864712715,3.195654154,38.574,True
BaWO3,Ba,W,O,2,4,-2.0,1.61,0.66,1.4,1.033199714,0.471428571,True,33.66258572,3,Cubic,-2.880426884,6.444538593,2.348836899,36.008,True
Sr2FeWO3O3,Sr,Fe; W,O; O,2,8,-2.0,1.44,0.605,1.4,1.00158766,0.432142857,True,30.44369594,8,Cubic,-2.655785322,6.453377247,2.031188965,49.546,True
Sr2FeWO3O3,Sr,Fe; W,O; O,2,8,-2.0,1.44,0.585,1.4,1.011679223,0.417857143,True,30.44369594,8,Cubic,-2.655785322,6.453377247,2.031188965,49.546,True
Sr2FeWO3O3,Sr,Fe; W,O; O,2,8,-2.0,1.44,0.6225,1.4,0.992921265,0.444642857,True,30.44369594,8,Tetragonal,-2.655785322,6.453377247,2.031188965,49.546,True
Ca2BaWO3O3,Ca,Ba; W,O; O,2,8,-2.0,1.34,0.975,1.4,0.815777929,0.696428571,True,29.96125997,8,Cubic,-2.984883785,5.836623669,3.032363176,40.428,True
SrWO3,Sr,W,O,2,4,-2.0,1.44,0.66,1.4,0.974846242,0.471428571,True,29.819683,3,Cubic,-2.854263067,6.089901924,2.418782234,42.442,True
Ba2TiZrO3O3,Ba,Ti; Zr,O; O,2,8,-2.0,1.61,0.6625,1.4,1.031947351,0.473214286,True,29.23347262,8,Cubic,-3.579100132,5.878589153,2.194222689,49.554,True
Ba2SrWO6,Ba,Sr; W,O,2,8,-2.0,1.61,0.89,1.4,0.929428564,0.635714286,True,29.15786074,8,Cubic,-2.942724466,6.450160027,3.218653202,43.396,True
Ba2SrCl6,Ba,Sr,Cl,2,2,-1.0,1.61,1.18,2.2,0.797064153,0.536363636,True,28.72008677,8,Cubic,-2.569155216,3.294539928,3.91883707,7.664,True
Ba2WZnO6,Ba,W; Zn,O,2,8,-2.0,1.61,0.67,1.4,1.028208411,0.478571429,True,28.37165726,8,Cubic,-2.65874052,7.214334965,3.380703926,39.26599999999999,True
Ba2FeWO6,Ba,Fe; W,O,2,8,-2.0,1.61,0.605,1.4,1.061541851,0.432142857,True,27.98710433,8,Cubic,-2.614938259,7.023997784,2.238255501,37.13999999999999,True
Ba2FeWO6,Ba,Fe; W,O,2,8,-2.0,1.61,0.585,1.4,1.072237487,0.417857143,True,27.98710433,8,Cubic,-2.614938259,7.023997784,2.238255501,37.13999999999999,True
Ba2FeWO6,Ba,Fe; W,O,2,8,-2.0,1.61,0.6225,1.4,1.052356693,0.444642857,True,27.98710433,8,Cubic,-2.614938259,7.023997784,2.238255501,37.13999999999999,True
Ba2CaWO6,Ba,Ca; W,O,2,8,-2.0,1.61,0.8,1.4,0.967450642,0.571428571,True,27.41574352,8,Cubic,-3.03891325,6.335930347,3.126722574,38.926,True
Sr2BaWO6,Sr,Ba; W,O,2,8,-2.0,1.44,0.975,1.4,0.845550846,0.696428571,True,27.16897413,8,Cubic,-3.039527416,6.246864796,3.12571907,49.83,True
Ba2SrYCl3O3,Ba,Sr; Y,Cl; O,2,5,-1.5,1.61,1.04,1.8,0.8490261,0.577777778,True,27.14509729,8,Cubic,-3.303902864,4.755378246,3.639317751,38.88,True
Ca2SrWO3O3,Ca,Sr; W,O; O,2,8,-2.0,1.34,0.89,1.4,0.846057895,0.635714286,True,27.12939661,8,Cubic,-3.002114773,5.395978451,3.028333187,46.862,True
Ba2AlWO6,Ba,Al; W,O,2,8,-2.0,1.61,0.5775,1.4,1.076304127,0.4125,True,26.75245013,8,Cubic,-3.227657557,6.882442474,2.244108915,38.50599999999999,True
Ba2CaCl6,Ba,Ca,Cl,2,2,-1.0,1.61,1.0,2.2,0.841899011,0.454545455,True,26.73696387,8,Cubic,-2.656186581,3.07097888,4.053433895,3.194,True
K2BaSrCl3Cl3,K,Ba; Sr,Cl; Cl,1,4,-1.0,1.64,1.265,2.2,0.783633489,0.575,True,26.66668278,8,Cubic,-2.425987482,2.409769058,4.251859188,34.372,True
Ba2MgWO6,Ba,Mg; W,O,2,8,-2.0,1.61,0.66,1.4,1.033199714,0.471428571,True,26.65777647,8,Cubic,-2.910301447,6.864712715,3.195654154,39.036,True
BaSrWZnO6,Ba; Sr,W; Zn,O,4,8,-2.0,1.525,0.67,1.4,0.999172626,0.478571429,True,26.37314378,6,Cubic,-2.601905823,6.916077614,3.386767864,45.7,True
CaWO3,Ca,W,O,2,4,-2.0,1.34,0.66,1.4,0.94052067,0.471428571,True,26.35928996,3,Cubic,-2.796064138,5.427194595,2.296645164,37.972,True
Ba2YZnCl3O3,Ba,Y; Zn,Cl; O,2,5,-1.5,1.61,0.82,1.8,0.920318368,0.455555556,True,26.33669327,8,Cubic,-3.139551401,5.473210335,3.505043983,34.75000000000001,True
KWO3,K,W,O,1,5,-2.0,1.64,0.62,1.4,1.0641607,0.442857143,True,26.17058728,3,Cubic,-2.689759254,5.487496853,2.220762968,49.362,True
Ba2NiYCl3O3,Ba,Ni; Y,Cl; O,2,5,-1.5,1.61,0.795,1.8,0.929184633,0.441666667,True,26.13881103,8,Cubic,-2.800862074,5.070730686,2.11354804,46.1,True
Ca2WZnO3O3,Ca,W; Zn,O; O,2,8,-2.0,1.34,0.67,1.4,0.935977092,0.478571429,True,25.99169849,8,Monoclinic,-2.583087444,5.790235519,3.154503584,42.732,True
BaSrFeWO6,Ba; Sr,Fe; W,O,4,8,-2.0,1.525,0.605,1.4,1.031564756,0.432142857,True,25.98448079,6,Cubic,-2.637609482,6.72623682,2.192596674,43.574,True
BaSrFeWO6,Ba; Sr,Fe; W,O,4,8,-2.0,1.525,0.585,1.4,1.041958355,0.417857143,True,25.98448079,6,Cubic,-2.637609482,6.72623682,2.192596674,43.574,True
BaSrFeWO6,Ba; Sr,Fe; W,O,4,8,-2.0,1.525,0.6225,1.4,1.022638979,0.444642857,True,25.98448079,6,Cubic,-2.637609482,6.72623682,2.192596674,43.574,True
Ba2TiYCl3O3,Ba,Ti; Y,Cl; O,2,5,-1.5,1.61,0.88,1.8,0.899714225,0.488888889,True,25.5506602,8,Cubic,-3.33423543,4.955435276,2.975469828,43.70000000000001,True
K2BaZnCl3Cl3,K,Ba; Zn,Cl; Cl,1,4,-1.0,1.64,1.045,2.2,0.836761183,0.475,True,25.50134852,8,Cubic,-2.130282164,2.97285533,3.644859552,30.242,True
Ba2SrTiCl3O3,Ba,Sr; Ti,Cl; O,2,5,-1.5,1.61,0.925,1.8,0.884856559,0.513888889,True,25.44648878,8,Cubic,-3.289438725,4.97118187,2.897152901,19.38,True
Ca2FeWO3O3,Ca,Fe; W,O; O,2,8,-2.0,1.34,0.605,1.4,0.966320489,0.432142857,True,25.43570627,8,Monoclinic,-2.53555584,5.431386471,2.740246773,40.606,True
Ca2FeWO3O3,Ca,Fe; W,O; O,2,8,-2.0,1.34,0.585,1.4,0.976056716,0.417857143,True,25.43570627,8,Monoclinic,-2.53555584,5.431386471,2.740246773,40.606,True
Ca2FeWO3O3,Ca,Fe; W,O; O,2,8,-2.0,1.34,0.6225,1.4,0.957959249,0.444642857,True,25.43570627,8,Monoclinic,-2.53555584,5.431386471,2.740246773,40.606,True
BaSrCaWO6,Ba; Sr,Ca; W,O,4,8,-2.0,1.525,0.8,1.4,0.940130607,0.571428571,True,25.40745218,6,Cubic,-3.016372919,5.987178326,3.298949718,45.35999999999999,True
BaCaSrWO6,Ba; Ca,Sr; W,O,4,8,-2.0,1.475,0.89,1.4,0.88774323,0.635714286,True,25.40745218,6,Cubic,-3.016372919,5.987178326,3.298949718,45.35999999999999,True
CaSrBaWO6,Ca; Sr,Ba; W,O,4,8,-2.0,1.39,0.975,1.4,0.830664387,0.696428571,True,25.40745218,6,Cubic,-3.016372919,5.987178326,3.298949718,45.36,True
Ba2CaYCl3O3,Ba,Ca; Y,Cl; O,2,5,-1.5,1.61,0.95,1.8,0.876812409,0.527777778,True,25.35573685,8,Cubic,-3.289338112,3.960585594,3.726655245,34.410000000000004,True
Ca2MnWO3O3,Ca,Mn; W,O; O,2,8,-2.0,1.34,0.635,1.4,0.952074978,0.453571429,True,25.2975237,8,Triclinic,-2.715533495,5.260144234,2.450333118,42.002,True
Ca2MnWO3O3,Ca,Mn; W,O; O,2,8,-2.0,1.34,0.6325,1.4,0.953246042,0.451785714,True,25.2975237,8,Triclinic,-2.715533495,5.260144234,2.450333118,42.002,True
Ca2MnWO3O3,Ca,Mn; W,O; O,2,8,-2.0,1.34,0.595,1.4,0.971164201,0.425,True,25.2975237,8,Triclinic,-2.715533495,5.260144234,2.450333118,42.002,True
Sr2BaYCl3O3,Sr,Ba; Y,Cl; O,2,5,-1.5,1.44,1.125,1.8,0.783256742,0.625,True,25.09230007,8,Cubic,-3.296471596,4.527596474,3.53799057,45.31400000000001,True
K2BaFeCl3Cl3,K,Ba; Fe,Cl; Cl,1,4,-1.0,1.64,0.98,2.2,0.853864792,0.445454545,True,24.93202441,8,Cubic,-1.843174934,2.550854206,2.025529623,28.116,True
BaZrO3,Ba,Zr,O,2,4,-2.0,1.61,0.72,1.4,1.003958213,0.514285714,True,24.84776739,3,Cubic,-3.37620163,5.491925716,3.474363804,37.80800000000001,True
Ba2SrYF3O3,Ba,Sr; Y,F; O,2,5,-1.5,1.61,1.04,1.365,0.874695499,0.761904762,True,24.82419865,8,Cubic,-3.7610147,5.333818913,3.712165117,45.114,True
BaSrAlWO6,Ba; Sr,Al; W,O,4,8,-2.0,1.525,0.5775,1.4,1.045910157,0.4125,True,24.73822113,6,Cubic,-3.150024414,6.24681282,2.635398626,44.94,True
NaWO3,Na,W,O,1,5,-2.0,1.39,0.62,1.4,0.976647485,0.442857143,True,24.66232206,3,Cubic,-2.618651628,5.528110981,2.030277491,38.332,True
BaSrMgWO6,Ba; Sr,Mg; W,O,4,8,-2.0,1.525,0.66,1.4,1.004022978,0.471428571,True,24.6427361,6,Cubic,-2.916037798,6.493745327,3.263561726,45.47,True
BaCaWZnO6,Ba; Ca,W; Zn,O,4,8,-2.0,1.475,0.67,1.4,0.982092752,0.478571429,True,24.60635904,6,Cubic,-2.60316205,6.52103138,2.909581184,41.23,True
Ba2MgYCl3O3,Ba,Mg; Y,Cl; O,2,5,-1.5,1.61,0.81,1.8,0.923844492,0.45,True,24.57894127,8,Cubic,-3.38497901,5.202857018,3.895695448,34.52,True
Ba2AlSrCl3O3,Ba,Al; Sr,Cl; O,2,5,-1.5,1.61,0.8575,1.8,0.907331749,0.476388889,True,24.5714786,8,Cubic,-3.311848879,4.772901058,4.43744278,9.67,True
Na2BaWCl3O3,Na,Ba; W,Cl; O,1,7,-1.5,1.39,0.985,1.8,0.809935595,0.547222222,True,24.49661065,8,Cubic,-2.277427673,4.665055275,2.841020346,41.394,True
Na2BaSrCl3Cl3,Na,Ba; Sr,Cl; Cl,1,4,-1.0,1.39,1.265,2.2,0.732615684,0.575,True,24.43821633,8,Cubic,-2.009182692,2.639384747,2.518538713,12.312,True
K2BaTiCl3Cl3,K,Ba; Ti,Cl; Cl,1,4,-1.0,1.64,1.105,2.2,0.82157036,0.502272727,True,24.36773876,8,Cubic,-2.30813241,2.411467075,2.527321815,39.192,True
BaCaFeWO6,Ba; Ca,Fe; W,O,4,8,-2.0,1.475,0.605,1.4,1.01393117,0.432142857,True,24.21565792,6,Cubic,-2.55185318,6.4120574,2.732163906,39.104,True
BaCaFeWO6,Ba; Ca,Fe; W,O,4,8,-2.0,1.475,0.585,1.4,1.024147101,0.417857143,True,24.21565792,6,Cubic,-2.55185318,6.4120574,2.732163906,39.104,True
BaCaFeWO6,Ba; Ca,Fe; W,O,4,8,-2.0,1.475,0.6225,1.4,1.005157971,0.444642857,True,24.21565792,6,Cubic,-2.55185318,6.4120574,2.732163906,39.104,True
K2BaCaCl3Cl3,K,Ba; Ca,Cl; Cl,1,4,-1.0,1.64,1.175,2.2,0.804530382,0.534090909,True,24.08668691,8,Cubic,-2.381038666,2.133987904,4.070666313,29.902,True
Ba2YZnF3O3,Ba,Y; Zn,F; O,2,5,-1.5,1.61,0.82,1.365,0.962765526,0.600732601,True,24.01109294,8,Cubic,-3.480397701,5.946811676,3.505259752,40.98400000000001,True
Ba2CaMnCl3O3,Ba,Ca; Mn,Cl; O,2,5,-1.5,1.61,0.8225,1.8,0.919441039,0.456944444,True,23.94154207,8,Cubic,-2.904813528,4.355163097,2.20937252,5.23,True
K2BaSrCl6,K,Ba; Sr,Cl,1,4,-1.0,1.64,1.265,2.2,0.783633489,0.575,True,23.80848647,8,Cubic,-2.425987482,2.409769058,4.251859188,34.617999999999995,True
Ba2NiSrF3O3,Ba,Ni; Sr,F; O,2,5,-1.5,1.61,0.87,1.365,0.941227147,0.637362637,True,23.70777951,8,Cubic,-3.235468626,5.702147961,2.685247183,28.014,True
Ca2AlWO3O3,Ca,Al; W,O; O,2,8,-2.0,1.34,0.5775,1.4,0.979758574,0.4125,True,23.65242553,8,Monoclinic,-2.926414967,5.007889748,3.246426344,41.972,True
Ba2CaTiCl3O3,Ba,Ca; Ti,Cl; O,2,5,-1.5,1.61,0.835,1.8,0.915079364,0.463888889,True,23.64687833,8,Cubic,-3.294510841,4.602355003,2.561980009,14.91,True
Ca2BaWO6,Ca,Ba; W,O,2,8,-2.0,1.34,0.975,1.4,0.815777929,0.696428571,True,23.63599363,8,Cubic,-2.984883785,5.836623669,3.032363176,40.88999999999999,True
Ca2MgWO3O3,Ca,Mg; W,O; O,2,8,-2.0,1.34,0.66,1.4,0.94052067,0.471428571,True,23.51580144,8,Monoclinic,-2.999100208,5.447040081,3.257203102,42.502,True
Ba2FeSrF3O3,Ba,Fe; Sr,F; O,2,5,-1.5,1.61,0.865,1.365,0.943337522,0.633699634,True,23.50997194,8,Cubic,-3.132911205,5.131318092,2.311299801,14.538,True
Ba2CrYF3O3,Ba,Cr; Y,F; O,2,5,-1.5,1.61,0.815,1.365,0.964973704,0.597069597,True,23.41799739,8,Cubic,-3.51328516,5.497272015,2.205977678,47.834,True
Ba2MnSrF3O3,Ba,Mn; Sr,F; O,2,5,-1.5,1.61,0.9125,1.365,0.923663084,0.668498168,True,23.41145538,8,Cubic,-3.425791264,5.270409584,2.828477859,15.934,True
Sr2BaTiCl3O3,Sr,Ba; Ti,Cl; O,2,5,-1.5,1.44,1.01,1.8,0.815311733,0.561111111,True,23.37369273,8,Cubic,-3.292063951,4.302749634,2.581551313,25.814,True
BaNaFeWO6,Ba; Na,Fe; W,O,3,9,-2.0,1.5,0.575,1.4,1.038283375,0.410714286,True,23.35302045,6,Cubic,-2.357279539,6.359457016,2.377405405,39.464,True
BaNaFeWO6,Ba; Na,Fe; W,O,3,9,-2.0,1.5,0.6025,1.4,1.024024802,0.430357143,True,23.35302045,6,Cubic,-2.357279539,6.359457016,2.377405405,39.464,True
Na2BaZnCl3Cl3,Na,Ba; Zn,Cl; Cl,1,4,-1.0,1.39,1.045,2.2,0.782284544,0.475,True,23.26621647,8,Cubic,-1.813500643,3.112653732,2.71198082,8.181999999999999,True
Ba2TiYF3O3,Ba,Ti; Y,F; O,2,5,-1.5,1.61,0.88,1.365,0.937034599,0.644688645,True,23.22210282,8,Cubic,-3.777851582,5.260483265,3.268306732,49.93400000000001,True
Ba2SrTiF3O3,Ba,Sr; Ti,F; O,2,5,-1.5,1.61,0.925,1.365,0.918621255,0.677655678,True,23.11721906,8,Cubic,-3.79278779,5.109895706,3.682523251,25.614,True
Ba2CaYF3O3,Ba,Ca; Y,F; O,2,5,-1.5,1.61,0.95,1.365,0.908700939,0.695970696,True,23.02672385,8,Cubic,-3.712138653,4.781505108,3.569638968,40.644000000000005,True
KNaBaSrCl6,K; Na,Ba; Sr,Cl,2,4,-1.0,1.515,1.265,2.2,0.758124586,0.575,True,23.02324114,6,Cubic,-2.23447299,2.498511076,3.266624928,23.588,True
K2BaZnCl6,K,Ba; Zn,Cl,1,4,-1.0,1.64,1.045,2.2,0.836761183,0.475,True,22.98328745,8,Cubic,-2.130282164,2.97285533,3.644859552,30.488,True
Na2BaNiCl3Cl3,Na,Ba; Ni,Cl; Cl,1,4,-1.0,1.39,1.02,2.2,0.788358182,0.463636364,True,22.97978126,8,Cubic,-1.538259625,2.808783293,2.101242065,19.532,True
K2BaMgCl3Cl3,K,Ba; Mg,Cl; Cl,1,4,-1.0,1.64,1.035,2.2,0.839347771,0.470454545,True,22.96664958,8,Cubic,-2.396438599,2.542604208,3.155730963,30.012,True
BaCaAlWO6,Ba; Ca,Al; W,O,4,8,-2.0,1.475,0.5775,1.4,1.028031351,0.4125,True,22.96427508,6,Cubic,-3.080728769,5.779463291,3.073308706,40.47,True
Ba2NiZnF3O3,Ba,Ni; Zn,F; O,2,5,-1.5,1.61,0.65,1.365,1.043991402,0.476190476,True,22.89087627,8,Cubic,-2.829924107,5.721372604,2.355070114,23.884,True
BaCaMgWO6,Ba; Ca,Mg; W,O,4,8,-2.0,1.475,0.66,1.4,0.986860192,0.471428571,True,22.86846718,6,Cubic,-2.981879473,6.199658394,3.31535387,40.99999999999999,True
Ba2AlCaCl3O3,Ba,Al; Ca,Cl; O,2,5,-1.5,1.61,0.7675,1.8,0.939136952,0.426388889,True,22.76851277,8,Cubic,-3.349030256,4.445052147,4.310310364,5.199999999999999,True
Ba2FeZnF3O3,Ba,Fe; Zn,F; O,2,5,-1.5,1.61,0.645,1.365,1.046588395,0.472527473,True,22.69249916,8,Cubic,-2.711493969,5.672721863,2.580214024,10.408,True
Ba2ZnF6,Ba,Zn,F,2,2,-1.0,1.61,0.74,1.33,1.004296588,0.556390977,True,22.65533782,8,Cubic,-3.417843819,5.812962055,4.103047371,16.002000000000002,True
Ba2MnZnF3O3,Ba,Mn; Zn,F; O,2,5,-1.5,1.61,0.6925,1.365,1.022426573,0.507326007,True,22.59370658,8,Cubic,-2.924644947,5.732264996,2.52321434,11.804,True
K2BaFeCl6,K,Ba; Fe,Cl,1,4,-1.0,1.64,0.98,2.2,0.853864792,0.445454545,True,22.58130786,8,Cubic,-1.843174934,2.550854206,2.025529623,28.362,True
CaSrWZnO6,Ca; Sr,W; Zn,O,4,8,-2.0,1.39,0.67,1.4,0.953056966,0.478571429,True,22.55603164,6,Cubic,-2.610463142,6.133109093,3.303791523,47.664,True
